{
    "rmse": 0.7739775015786778,
    "mae": 0.6463833625840448,
    "r2": 0.036514363111857184
}