{
    "rmse": 0.8141527814001597,
    "mae": 0.6390103555280507,
    "r2": 0.1859983836152198
}