{
    "rmse": 0.8752313782075754,
    "mae": 0.6766023577329896,
    "r2": 0.013415226297691207
}